{"v":"5.9.6","fr":30,"ip":0,"op":121,"w":1080,"h":1080,"nm":"8SUFPWH 4","ddd":0,"assets":[],"layers":[{"ddd":0,"ind":1,"ty":4,"nm":"Layer 7","sr":1,"ks":{"o":{"a":0,"k":100,"ix":11},"r":{"a":0,"k":0,"ix":10},"p":{"a":0,"k":[367.983,694.083,0],"ix":2,"l":2},"a":{"a":0,"k":[-172.017,154.083,0],"ix":1,"l":2},"s":{"a":1,"k":[{"i":{"x":[0.667,0.667,0.667],"y":[1,1,1]},"o":{"x":[0.333,0.333,0.333],"y":[0,0,0]},"t":20,"s":[0,0,100]},{"i":{"x":[0.667,0.667,0.667],"y":[1,1,1]},"o":{"x":[0.333,0.333,0.333],"y":[0,0,0]},"t":30,"s":[110,110,100]},{"i":{"x":[0.667,0.667,0.667],"y":[1,1,1]},"o":{"x":[0.167,0.167,0.167],"y":[0,0,0]},"t":35,"s":[95,95,100]},{"i":{"x":[0.667,0.667,0.667],"y":[1,1,1]},"o":{"x":[0.16,0.16,0.16],"y":[0,0,0]},"t":40,"s":[100,100,100]},{"i":{"x":[0.833,0.833,0.833],"y":[1,1,1]},"o":{"x":[0.333,0.333,0.333],"y":[0,0,0]},"t":82,"s":[100,100,100]},{"i":{"x":[0.667,0.667,0.667],"y":[1,1,1]},"o":{"x":[0.333,0.333,0.333],"y":[0,0,0]},"t":87,"s":[95,95,100]},{"i":{"x":[0.667,0.667,0.667],"y":[1,1,1]},"o":{"x":[0.333,0.333,0.333],"y":[0,0,0]},"t":92,"s":[110,110,100]},{"t":102,"s":[0,0,100]}],"ix":6,"l":2}},"ao":0,"shapes":[{"ty":"gr","it":[{"ind":0,"ty":"sh","ix":1,"ks":{"a":0,"k":{"i":[[0,-7.417],[7.417,0],[0,7.417],[-7.417,0]],"o":[[0,7.417],[-7.417,0],[0,-7.417],[7.417,0]],"v":[[-158.592,99.275],[-172.022,112.705],[-185.452,99.275],[-172.022,85.845]],"c":true},"ix":2},"nm":"Path 1","mn":"ADBE Vector Shape - Group","hd":false},{"ty":"st","c":{"a":0,"k":[0.192156866193,0.168627455831,0.450980395079,1],"ix":3},"o":{"a":0,"k":100,"ix":4},"w":{"a":0,"k":8,"ix":5},"lc":1,"lj":1,"ml":10,"bm":0,"nm":"Stroke 1","mn":"ADBE Vector Graphic - Stroke","hd":false},{"ty":"fl","c":{"a":0,"k":[1,1,1,1],"ix":4},"o":{"a":0,"k":100,"ix":5},"r":1,"bm":0,"nm":"Fill 1","mn":"ADBE Vector Graphic - Fill","hd":false},{"ty":"tr","p":{"a":0,"k":[0,0],"ix":2},"a":{"a":0,"k":[0,0],"ix":1},"s":{"a":0,"k":[100,100],"ix":3},"r":{"a":0,"k":0,"ix":6},"o":{"a":0,"k":100,"ix":7},"sk":{"a":0,"k":0,"ix":4},"sa":{"a":0,"k":0,"ix":5},"nm":"Transform"}],"nm":"Group 1","np":3,"cix":2,"bm":0,"ix":1,"mn":"ADBE Vector Group","hd":false},{"ty":"gr","it":[{"ind":0,"ty":"sh","ix":1,"ks":{"a":0,"k":{"i":[[0,-15.316],[0,0],[1.539,-3.386],[0.615,-1.001],[0,0],[0,0],[0,5.234],[-15.393,0]],"o":[[0,0],[-0.077,3.772],[-0.385,1.077],[0,0],[0,0],[-2.694,-4.464],[0,-15.316],[15.47,0]],"v":[[-144.117,100.438],[-144.117,100.746],[-146.503,111.675],[-148.043,114.754],[-171.594,154.083],[-195.761,115.216],[-199.917,100.438],[-172.056,72.577]],"c":true},"ix":2},"nm":"Path 1","mn":"ADBE Vector Shape - Group","hd":false},{"ty":"st","c":{"a":0,"k":[0.192156866193,0.168627455831,0.450980395079,1],"ix":3},"o":{"a":0,"k":100,"ix":4},"w":{"a":0,"k":8,"ix":5},"lc":1,"lj":1,"ml":10,"bm":0,"nm":"Stroke 1","mn":"ADBE Vector Graphic - Stroke","hd":false},{"ty":"tr","p":{"a":0,"k":[0,0],"ix":2},"a":{"a":0,"k":[0,0],"ix":1},"s":{"a":0,"k":[100,100],"ix":3},"r":{"a":0,"k":0,"ix":6},"o":{"a":0,"k":100,"ix":7},"sk":{"a":0,"k":0,"ix":4},"sa":{"a":0,"k":0,"ix":5},"nm":"Transform"}],"nm":"Group 2","np":2,"cix":2,"bm":0,"ix":2,"mn":"ADBE Vector Group","hd":false},{"ty":"gr","it":[{"ind":0,"ty":"sh","ix":1,"ks":{"a":0,"k":{"i":[[0,-15.316],[0,0],[1.539,-3.386],[0.615,-1.001],[0,0],[0,0],[0,5.234],[-15.393,0]],"o":[[0,0],[-0.077,3.772],[-0.385,1.077],[0,0],[0,0],[-2.694,-4.464],[0,-15.316],[15.47,0]],"v":[[-144.117,100.438],[-144.117,100.746],[-146.503,111.675],[-148.043,114.754],[-171.594,154.083],[-195.761,115.216],[-199.917,100.438],[-172.056,72.577]],"c":true},"ix":2},"nm":"Path 1","mn":"ADBE Vector Shape - Group","hd":false},{"ty":"fl","c":{"a":0,"k":[0.192156866193,0.168627455831,0.450980395079,1],"ix":4},"o":{"a":0,"k":100,"ix":5},"r":1,"bm":0,"nm":"Fill 1","mn":"ADBE Vector Graphic - Fill","hd":false},{"ty":"tr","p":{"a":0,"k":[0,0],"ix":2},"a":{"a":0,"k":[0,0],"ix":1},"s":{"a":0,"k":[100,100],"ix":3},"r":{"a":0,"k":0,"ix":6},"o":{"a":0,"k":100,"ix":7},"sk":{"a":0,"k":0,"ix":4},"sa":{"a":0,"k":0,"ix":5},"nm":"Transform"}],"nm":"Group 3","np":2,"cix":2,"bm":0,"ix":3,"mn":"ADBE Vector Group","hd":false}],"ip":0,"op":180,"st":0,"ct":1,"bm":0},{"ddd":0,"ind":2,"ty":4,"nm":"Layer 6","sr":1,"ks":{"o":{"a":0,"k":100,"ix":11},"r":{"a":0,"k":0,"ix":10},"p":{"a":0,"k":[879.055,668.255,0],"ix":2,"l":2},"a":{"a":0,"k":[339.055,128.255,0],"ix":1,"l":2},"s":{"a":1,"k":[{"i":{"x":[0.667,0.667,0.667],"y":[1,1,1]},"o":{"x":[0.333,0.333,0.333],"y":[0,0,0]},"t":23,"s":[0,0,100]},{"i":{"x":[0.667,0.667,0.667],"y":[1,1,1]},"o":{"x":[0.333,0.333,0.333],"y":[0,0,0]},"t":33,"s":[110,110,100]},{"i":{"x":[0.667,0.667,0.667],"y":[1,1,1]},"o":{"x":[0.167,0.167,0.167],"y":[0,0,0]},"t":38,"s":[95,95,100]},{"i":{"x":[0.667,0.667,0.667],"y":[1,1,1]},"o":{"x":[0.16,0.16,0.16],"y":[0,0,0]},"t":43,"s":[100,100,100]},{"i":{"x":[0.833,0.833,0.833],"y":[1,1,1]},"o":{"x":[0.333,0.333,0.333],"y":[0,0,0]},"t":85,"s":[100,100,100]},{"i":{"x":[0.667,0.667,0.667],"y":[1,1,1]},"o":{"x":[0.333,0.333,0.333],"y":[0,0,0]},"t":90,"s":[95,95,100]},{"i":{"x":[0.667,0.667,0.667],"y":[1,1,1]},"o":{"x":[0.333,0.333,0.333],"y":[0,0,0]},"t":95,"s":[110,110,100]},{"t":105,"s":[0,0,100]}],"ix":6,"l":2}},"ao":0,"shapes":[{"ty":"gr","it":[{"ind":0,"ty":"sh","ix":1,"ks":{"a":0,"k":{"i":[[0,-7.417],[7.417,0],[0,7.417],[-7.417,0]],"o":[[0,7.417],[-7.417,0],[0,-7.417],[7.417,0]],"v":[[352.48,73.447],[339.05,86.877],[325.62,73.447],[339.05,60.017]],"c":true},"ix":2},"nm":"Path 1","mn":"ADBE Vector Shape - Group","hd":false},{"ty":"st","c":{"a":0,"k":[0.192156866193,0.168627455831,0.450980395079,1],"ix":3},"o":{"a":0,"k":100,"ix":4},"w":{"a":0,"k":8,"ix":5},"lc":1,"lj":1,"ml":10,"bm":0,"nm":"Stroke 1","mn":"ADBE Vector Graphic - Stroke","hd":false},{"ty":"fl","c":{"a":0,"k":[1,1,1,1],"ix":4},"o":{"a":0,"k":100,"ix":5},"r":1,"bm":0,"nm":"Fill 1","mn":"ADBE Vector Graphic - Fill","hd":false},{"ty":"tr","p":{"a":0,"k":[0,0],"ix":2},"a":{"a":0,"k":[0,0],"ix":1},"s":{"a":0,"k":[100,100],"ix":3},"r":{"a":0,"k":0,"ix":6},"o":{"a":0,"k":100,"ix":7},"sk":{"a":0,"k":0,"ix":4},"sa":{"a":0,"k":0,"ix":5},"nm":"Transform"}],"nm":"Group 1","np":3,"cix":2,"bm":0,"ix":1,"mn":"ADBE Vector Group","hd":false},{"ty":"gr","it":[{"ind":0,"ty":"sh","ix":1,"ks":{"a":0,"k":{"i":[[0,-15.316],[0,0],[1.539,-3.386],[0.615,-1.001],[0,0],[0,0],[0,5.234],[-15.393,0]],"o":[[0,0],[-0.077,3.772],[-0.385,1.077],[0,0],[0,0],[-2.694,-4.464],[0,-15.316],[15.47,0]],"v":[[366.954,74.61],[366.954,74.918],[364.569,85.847],[363.029,88.925],[339.478,128.255],[315.311,89.387],[311.155,74.61],[339.016,46.749]],"c":true},"ix":2},"nm":"Path 1","mn":"ADBE Vector Shape - Group","hd":false},{"ty":"st","c":{"a":0,"k":[0.192156866193,0.168627455831,0.450980395079,1],"ix":3},"o":{"a":0,"k":100,"ix":4},"w":{"a":0,"k":8,"ix":5},"lc":1,"lj":1,"ml":10,"bm":0,"nm":"Stroke 1","mn":"ADBE Vector Graphic - Stroke","hd":false},{"ty":"tr","p":{"a":0,"k":[0,0],"ix":2},"a":{"a":0,"k":[0,0],"ix":1},"s":{"a":0,"k":[100,100],"ix":3},"r":{"a":0,"k":0,"ix":6},"o":{"a":0,"k":100,"ix":7},"sk":{"a":0,"k":0,"ix":4},"sa":{"a":0,"k":0,"ix":5},"nm":"Transform"}],"nm":"Group 2","np":2,"cix":2,"bm":0,"ix":2,"mn":"ADBE Vector Group","hd":false},{"ty":"gr","it":[{"ind":0,"ty":"sh","ix":1,"ks":{"a":0,"k":{"i":[[0,-15.316],[0,0],[1.539,-3.386],[0.615,-1.001],[0,0],[0,0],[0,5.234],[-15.393,0]],"o":[[0,0],[-0.077,3.772],[-0.385,1.077],[0,0],[0,0],[-2.694,-4.464],[0,-15.316],[15.47,0]],"v":[[366.954,74.61],[366.954,74.918],[364.569,85.847],[363.029,88.925],[339.478,128.255],[315.311,89.387],[311.155,74.61],[339.016,46.749]],"c":true},"ix":2},"nm":"Path 1","mn":"ADBE Vector Shape - Group","hd":false},{"ty":"fl","c":{"a":0,"k":[0.192156866193,0.168627455831,0.450980395079,1],"ix":4},"o":{"a":0,"k":100,"ix":5},"r":1,"bm":0,"nm":"Fill 1","mn":"ADBE Vector Graphic - Fill","hd":false},{"ty":"tr","p":{"a":0,"k":[0,0],"ix":2},"a":{"a":0,"k":[0,0],"ix":1},"s":{"a":0,"k":[100,100],"ix":3},"r":{"a":0,"k":0,"ix":6},"o":{"a":0,"k":100,"ix":7},"sk":{"a":0,"k":0,"ix":4},"sa":{"a":0,"k":0,"ix":5},"nm":"Transform"}],"nm":"Group 3","np":2,"cix":2,"bm":0,"ix":3,"mn":"ADBE Vector Group","hd":false}],"ip":0,"op":180,"st":0,"ct":1,"bm":0},{"ddd":0,"ind":3,"ty":4,"nm":"Layer 5","sr":1,"ks":{"o":{"a":0,"k":100,"ix":11},"r":{"a":0,"k":0,"ix":10},"p":{"a":0,"k":[676.62,647.665,0],"ix":2,"l":2},"a":{"a":0,"k":[136.62,107.665,0],"ix":1,"l":2},"s":{"a":1,"k":[{"i":{"x":[0.667,0.667,0.667],"y":[1,1,1]},"o":{"x":[0.333,0.333,0.333],"y":[0,0,0]},"t":13,"s":[0,0,100]},{"i":{"x":[0.667,0.667,0.667],"y":[1,1,1]},"o":{"x":[0.333,0.333,0.333],"y":[0,0,0]},"t":23,"s":[110,110,100]},{"i":{"x":[0.667,0.667,0.667],"y":[1,1,1]},"o":{"x":[0.167,0.167,0.167],"y":[0,0,0]},"t":28,"s":[95,95,100]},{"i":{"x":[0.667,0.667,0.667],"y":[1,1,1]},"o":{"x":[0.16,0.16,0.16],"y":[0,0,0]},"t":33,"s":[100,100,100]},{"i":{"x":[0.833,0.833,0.833],"y":[1,1,1]},"o":{"x":[0.333,0.333,0.333],"y":[0,0,0]},"t":75,"s":[100,100,100]},{"i":{"x":[0.667,0.667,0.667],"y":[1,1,1]},"o":{"x":[0.333,0.333,0.333],"y":[0,0,0]},"t":80,"s":[95,95,100]},{"i":{"x":[0.667,0.667,0.667],"y":[1,1,1]},"o":{"x":[0.333,0.333,0.333],"y":[0,0,0]},"t":85,"s":[110,110,100]},{"t":95,"s":[0,0,100]}],"ix":6,"l":2}},"ao":0,"shapes":[{"ty":"gr","it":[{"ind":0,"ty":"sh","ix":1,"ks":{"a":0,"k":{"i":[[0,-7.417],[7.417,0],[0,7.417],[-7.417,0]],"o":[[0,7.417],[-7.417,0],[0,-7.417],[7.417,0]],"v":[[150.044,52.857],[136.615,66.287],[123.185,52.857],[136.615,39.427]],"c":true},"ix":2},"nm":"Path 1","mn":"ADBE Vector Shape - Group","hd":false},{"ty":"st","c":{"a":0,"k":[0.192156866193,0.168627455831,0.450980395079,1],"ix":3},"o":{"a":0,"k":100,"ix":4},"w":{"a":0,"k":8,"ix":5},"lc":1,"lj":1,"ml":10,"bm":0,"nm":"Stroke 1","mn":"ADBE Vector Graphic - Stroke","hd":false},{"ty":"fl","c":{"a":0,"k":[1,1,1,1],"ix":4},"o":{"a":0,"k":100,"ix":5},"r":1,"bm":0,"nm":"Fill 1","mn":"ADBE Vector Graphic - Fill","hd":false},{"ty":"tr","p":{"a":0,"k":[0,0],"ix":2},"a":{"a":0,"k":[0,0],"ix":1},"s":{"a":0,"k":[100,100],"ix":3},"r":{"a":0,"k":0,"ix":6},"o":{"a":0,"k":100,"ix":7},"sk":{"a":0,"k":0,"ix":4},"sa":{"a":0,"k":0,"ix":5},"nm":"Transform"}],"nm":"Group 1","np":3,"cix":2,"bm":0,"ix":1,"mn":"ADBE Vector Group","hd":false},{"ty":"gr","it":[{"ind":0,"ty":"sh","ix":1,"ks":{"a":0,"k":{"i":[[0,-15.316],[0,0],[1.539,-3.386],[0.615,-1.001],[0,0],[0,0],[0,5.234],[-15.393,0]],"o":[[0,0],[-0.077,3.772],[-0.385,1.077],[0,0],[0,0],[-2.694,-4.464],[0,-15.316],[15.47,0]],"v":[[164.519,54.02],[164.519,54.328],[162.133,65.257],[160.594,68.335],[137.043,107.665],[112.876,68.797],[108.72,54.02],[136.581,26.159]],"c":true},"ix":2},"nm":"Path 1","mn":"ADBE Vector Shape - Group","hd":false},{"ty":"st","c":{"a":0,"k":[0.192156866193,0.168627455831,0.450980395079,1],"ix":3},"o":{"a":0,"k":100,"ix":4},"w":{"a":0,"k":8,"ix":5},"lc":1,"lj":1,"ml":10,"bm":0,"nm":"Stroke 1","mn":"ADBE Vector Graphic - Stroke","hd":false},{"ty":"tr","p":{"a":0,"k":[0,0],"ix":2},"a":{"a":0,"k":[0,0],"ix":1},"s":{"a":0,"k":[100,100],"ix":3},"r":{"a":0,"k":0,"ix":6},"o":{"a":0,"k":100,"ix":7},"sk":{"a":0,"k":0,"ix":4},"sa":{"a":0,"k":0,"ix":5},"nm":"Transform"}],"nm":"Group 2","np":2,"cix":2,"bm":0,"ix":2,"mn":"ADBE Vector Group","hd":false},{"ty":"gr","it":[{"ind":0,"ty":"sh","ix":1,"ks":{"a":0,"k":{"i":[[0,-15.316],[0,0],[1.539,-3.386],[0.615,-1.001],[0,0],[0,0],[0,5.234],[-15.393,0]],"o":[[0,0],[-0.077,3.772],[-0.385,1.077],[0,0],[0,0],[-2.694,-4.464],[0,-15.316],[15.47,0]],"v":[[164.519,53.395],[164.519,53.703],[162.133,64.632],[160.594,67.711],[137.043,107.04],[112.876,68.172],[108.72,53.395],[136.581,25.534]],"c":true},"ix":2},"nm":"Path 1","mn":"ADBE Vector Shape - Group","hd":false},{"ty":"fl","c":{"a":0,"k":[0.192156866193,0.168627455831,0.450980395079,1],"ix":4},"o":{"a":0,"k":100,"ix":5},"r":1,"bm":0,"nm":"Fill 1","mn":"ADBE Vector Graphic - Fill","hd":false},{"ty":"tr","p":{"a":0,"k":[0,0],"ix":2},"a":{"a":0,"k":[0,0],"ix":1},"s":{"a":0,"k":[100,100],"ix":3},"r":{"a":0,"k":0,"ix":6},"o":{"a":0,"k":100,"ix":7},"sk":{"a":0,"k":0,"ix":4},"sa":{"a":0,"k":0,"ix":5},"nm":"Transform"}],"nm":"Group 3","np":2,"cix":2,"bm":0,"ix":3,"mn":"ADBE Vector Group","hd":false}],"ip":0,"op":180,"st":0,"ct":1,"bm":0},{"ddd":0,"ind":4,"ty":4,"nm":"Layer 4","sr":1,"ks":{"o":{"a":0,"k":100,"ix":11},"r":{"a":0,"k":0,"ix":10},"p":{"a":0,"k":[635.752,398.332,0],"ix":2,"l":2},"a":{"a":0,"k":[95.752,-141.668,0],"ix":1,"l":2},"s":{"a":1,"k":[{"i":{"x":[0.667,0.667,0.667],"y":[1,1,1]},"o":{"x":[0.333,0.333,0.333],"y":[0,0,0]},"t":19,"s":[0,0,100]},{"i":{"x":[0.667,0.667,0.667],"y":[1,1,1]},"o":{"x":[0.333,0.333,0.333],"y":[0,0,0]},"t":29,"s":[110,110,100]},{"i":{"x":[0.667,0.667,0.667],"y":[1,1,1]},"o":{"x":[0.167,0.167,0.167],"y":[0,0,0]},"t":34,"s":[95,95,100]},{"i":{"x":[0.667,0.667,0.667],"y":[1,1,1]},"o":{"x":[0.16,0.16,0.16],"y":[0,0,0]},"t":39,"s":[100,100,100]},{"i":{"x":[0.833,0.833,0.833],"y":[1,1,1]},"o":{"x":[0.333,0.333,0.333],"y":[0,0,0]},"t":81,"s":[100,100,100]},{"i":{"x":[0.667,0.667,0.667],"y":[1,1,1]},"o":{"x":[0.333,0.333,0.333],"y":[0,0,0]},"t":86,"s":[95,95,100]},{"i":{"x":[0.667,0.667,0.667],"y":[1,1,1]},"o":{"x":[0.333,0.333,0.333],"y":[0,0,0]},"t":91,"s":[110,110,100]},{"t":101,"s":[0,0,100]}],"ix":6,"l":2}},"ao":0,"shapes":[{"ty":"gr","it":[{"ind":0,"ty":"sh","ix":1,"ks":{"a":0,"k":{"i":[[0,-7.417],[7.417,0],[0,7.417],[-7.417,0]],"o":[[0,7.417],[-7.417,0],[0,-7.417],[7.417,0]],"v":[[109.177,-196.476],[95.747,-183.046],[82.317,-196.476],[95.747,-209.906]],"c":true},"ix":2},"nm":"Path 1","mn":"ADBE Vector Shape - Group","hd":false},{"ty":"st","c":{"a":0,"k":[0.192156866193,0.168627455831,0.450980395079,1],"ix":3},"o":{"a":0,"k":100,"ix":4},"w":{"a":0,"k":8,"ix":5},"lc":1,"lj":1,"ml":10,"bm":0,"nm":"Stroke 1","mn":"ADBE Vector Graphic - Stroke","hd":false},{"ty":"fl","c":{"a":0,"k":[1,1,1,1],"ix":4},"o":{"a":0,"k":100,"ix":5},"r":1,"bm":0,"nm":"Fill 1","mn":"ADBE Vector Graphic - Fill","hd":false},{"ty":"tr","p":{"a":0,"k":[0,0],"ix":2},"a":{"a":0,"k":[0,0],"ix":1},"s":{"a":0,"k":[100,100],"ix":3},"r":{"a":0,"k":0,"ix":6},"o":{"a":0,"k":100,"ix":7},"sk":{"a":0,"k":0,"ix":4},"sa":{"a":0,"k":0,"ix":5},"nm":"Transform"}],"nm":"Group 1","np":3,"cix":2,"bm":0,"ix":1,"mn":"ADBE Vector Group","hd":false},{"ty":"gr","it":[{"ind":0,"ty":"sh","ix":1,"ks":{"a":0,"k":{"i":[[0,-15.316],[0,0],[1.539,-3.386],[0.615,-1.001],[0,0],[0,0],[0,5.234],[-15.393,0]],"o":[[0,0],[-0.077,3.772],[-0.385,1.077],[0,0],[0,0],[-2.694,-4.464],[0,-15.316],[15.47,0]],"v":[[123.652,-195.313],[123.652,-195.005],[121.266,-184.076],[119.727,-180.997],[96.176,-141.668],[72.009,-180.536],[67.853,-195.313],[95.714,-223.174]],"c":true},"ix":2},"nm":"Path 1","mn":"ADBE Vector Shape - Group","hd":false},{"ty":"st","c":{"a":0,"k":[0.192156866193,0.168627455831,0.450980395079,1],"ix":3},"o":{"a":0,"k":100,"ix":4},"w":{"a":0,"k":8,"ix":5},"lc":1,"lj":1,"ml":10,"bm":0,"nm":"Stroke 1","mn":"ADBE Vector Graphic - Stroke","hd":false},{"ty":"tr","p":{"a":0,"k":[0,0],"ix":2},"a":{"a":0,"k":[0,0],"ix":1},"s":{"a":0,"k":[100,100],"ix":3},"r":{"a":0,"k":0,"ix":6},"o":{"a":0,"k":100,"ix":7},"sk":{"a":0,"k":0,"ix":4},"sa":{"a":0,"k":0,"ix":5},"nm":"Transform"}],"nm":"Group 2","np":2,"cix":2,"bm":0,"ix":2,"mn":"ADBE Vector Group","hd":false},{"ty":"gr","it":[{"ind":0,"ty":"sh","ix":1,"ks":{"a":0,"k":{"i":[[0,-15.316],[0,0],[1.539,-3.386],[0.615,-1.001],[0,0],[0,0],[0,5.234],[-15.393,0]],"o":[[0,0],[-0.077,3.772],[-0.385,1.077],[0,0],[0,0],[-2.694,-4.464],[0,-15.316],[15.47,0]],"v":[[123.652,-195.313],[123.652,-195.005],[121.266,-184.076],[119.727,-180.997],[96.176,-141.668],[72.009,-180.536],[67.853,-195.313],[95.714,-223.174]],"c":true},"ix":2},"nm":"Path 1","mn":"ADBE Vector Shape - Group","hd":false},{"ty":"fl","c":{"a":0,"k":[0.192156866193,0.168627455831,0.450980395079,1],"ix":4},"o":{"a":0,"k":100,"ix":5},"r":1,"bm":0,"nm":"Fill 1","mn":"ADBE Vector Graphic - Fill","hd":false},{"ty":"tr","p":{"a":0,"k":[0,0],"ix":2},"a":{"a":0,"k":[0,0],"ix":1},"s":{"a":0,"k":[100,100],"ix":3},"r":{"a":0,"k":0,"ix":6},"o":{"a":0,"k":100,"ix":7},"sk":{"a":0,"k":0,"ix":4},"sa":{"a":0,"k":0,"ix":5},"nm":"Transform"}],"nm":"Group 3","np":2,"cix":2,"bm":0,"ix":3,"mn":"ADBE Vector Group","hd":false}],"ip":0,"op":180,"st":0,"ct":1,"bm":0},{"ddd":0,"ind":5,"ty":4,"nm":"Layer 3","sr":1,"ks":{"o":{"a":0,"k":100,"ix":11},"r":{"a":0,"k":0,"ix":10},"p":{"a":0,"k":[281.216,371.634,0],"ix":2,"l":2},"a":{"a":0,"k":[-258.784,-168.366,0],"ix":1,"l":2},"s":{"a":1,"k":[{"i":{"x":[0.667,0.667,0.667],"y":[1,1,1]},"o":{"x":[0.333,0.333,0.333],"y":[0,0,0]},"t":16,"s":[0,0,100]},{"i":{"x":[0.667,0.667,0.667],"y":[1,1,1]},"o":{"x":[0.333,0.333,0.333],"y":[0,0,0]},"t":26,"s":[110,110,100]},{"i":{"x":[0.667,0.667,0.667],"y":[1,1,1]},"o":{"x":[0.167,0.167,0.167],"y":[0,0,0]},"t":31,"s":[95,95,100]},{"i":{"x":[0.667,0.667,0.667],"y":[1,1,1]},"o":{"x":[0.16,0.16,0.16],"y":[0,0,0]},"t":36,"s":[100,100,100]},{"i":{"x":[0.833,0.833,0.833],"y":[1,1,1]},"o":{"x":[0.333,0.333,0.333],"y":[0,0,0]},"t":78,"s":[100,100,100]},{"i":{"x":[0.667,0.667,0.667],"y":[1,1,1]},"o":{"x":[0.333,0.333,0.333],"y":[0,0,0]},"t":83,"s":[95,95,100]},{"i":{"x":[0.667,0.667,0.667],"y":[1,1,1]},"o":{"x":[0.333,0.333,0.333],"y":[0,0,0]},"t":88,"s":[110,110,100]},{"t":98,"s":[0,0,100]}],"ix":6,"l":2}},"ao":0,"shapes":[{"ty":"gr","it":[{"ind":0,"ty":"sh","ix":1,"ks":{"a":0,"k":{"i":[[0,-7.417],[7.417,0],[0,7.417],[-7.417,0]],"o":[[0,7.417],[-7.417,0],[0,-7.417],[7.417,0]],"v":[[-245.359,-223.174],[-258.789,-209.744],[-272.219,-223.174],[-258.789,-236.604]],"c":true},"ix":2},"nm":"Path 1","mn":"ADBE Vector Shape - Group","hd":false},{"ty":"st","c":{"a":0,"k":[0.192156866193,0.168627455831,0.450980395079,1],"ix":3},"o":{"a":0,"k":100,"ix":4},"w":{"a":0,"k":8,"ix":5},"lc":1,"lj":1,"ml":10,"bm":0,"nm":"Stroke 1","mn":"ADBE Vector Graphic - Stroke","hd":false},{"ty":"fl","c":{"a":0,"k":[1,1,1,1],"ix":4},"o":{"a":0,"k":100,"ix":5},"r":1,"bm":0,"nm":"Fill 1","mn":"ADBE Vector Graphic - Fill","hd":false},{"ty":"tr","p":{"a":0,"k":[0,0],"ix":2},"a":{"a":0,"k":[0,0],"ix":1},"s":{"a":0,"k":[100,100],"ix":3},"r":{"a":0,"k":0,"ix":6},"o":{"a":0,"k":100,"ix":7},"sk":{"a":0,"k":0,"ix":4},"sa":{"a":0,"k":0,"ix":5},"nm":"Transform"}],"nm":"Group 1","np":3,"cix":2,"bm":0,"ix":1,"mn":"ADBE Vector Group","hd":false},{"ty":"gr","it":[{"ind":0,"ty":"sh","ix":1,"ks":{"a":0,"k":{"i":[[0,-15.316],[0,0],[1.539,-3.386],[0.615,-1.001],[0,0],[0,0],[0,5.234],[-15.393,0]],"o":[[0,0],[-0.077,3.772],[-0.385,1.077],[0,0],[0,0],[-2.694,-4.464],[0,-15.316],[15.47,0]],"v":[[-230.884,-222.011],[-230.884,-221.703],[-233.27,-210.774],[-234.809,-207.696],[-258.36,-168.366],[-282.528,-207.234],[-286.683,-222.011],[-258.822,-249.872]],"c":true},"ix":2},"nm":"Path 1","mn":"ADBE Vector Shape - Group","hd":false},{"ty":"st","c":{"a":0,"k":[0.192156866193,0.168627455831,0.450980395079,1],"ix":3},"o":{"a":0,"k":100,"ix":4},"w":{"a":0,"k":8,"ix":5},"lc":1,"lj":1,"ml":10,"bm":0,"nm":"Stroke 1","mn":"ADBE Vector Graphic - Stroke","hd":false},{"ty":"tr","p":{"a":0,"k":[0,0],"ix":2},"a":{"a":0,"k":[0,0],"ix":1},"s":{"a":0,"k":[100,100],"ix":3},"r":{"a":0,"k":0,"ix":6},"o":{"a":0,"k":100,"ix":7},"sk":{"a":0,"k":0,"ix":4},"sa":{"a":0,"k":0,"ix":5},"nm":"Transform"}],"nm":"Group 2","np":2,"cix":2,"bm":0,"ix":2,"mn":"ADBE Vector Group","hd":false},{"ty":"gr","it":[{"ind":0,"ty":"sh","ix":1,"ks":{"a":0,"k":{"i":[[0,-15.316],[0,0],[1.539,-3.386],[0.615,-1.001],[0,0],[0,0],[0,5.234],[-15.393,0]],"o":[[0,0],[-0.077,3.772],[-0.385,1.077],[0,0],[0,0],[-2.694,-4.464],[0,-15.316],[15.47,0]],"v":[[-230.884,-222.011],[-230.884,-221.703],[-233.27,-210.774],[-234.809,-207.696],[-258.36,-168.366],[-282.528,-207.234],[-286.683,-222.011],[-258.822,-249.872]],"c":true},"ix":2},"nm":"Path 1","mn":"ADBE Vector Shape - Group","hd":false},{"ty":"fl","c":{"a":0,"k":[0.192156866193,0.168627455831,0.450980395079,1],"ix":4},"o":{"a":0,"k":100,"ix":5},"r":1,"bm":0,"nm":"Fill 1","mn":"ADBE Vector Graphic - Fill","hd":false},{"ty":"tr","p":{"a":0,"k":[0,0],"ix":2},"a":{"a":0,"k":[0,0],"ix":1},"s":{"a":0,"k":[100,100],"ix":3},"r":{"a":0,"k":0,"ix":6},"o":{"a":0,"k":100,"ix":7},"sk":{"a":0,"k":0,"ix":4},"sa":{"a":0,"k":0,"ix":5},"nm":"Transform"}],"nm":"Group 3","np":2,"cix":2,"bm":0,"ix":3,"mn":"ADBE Vector Group","hd":false}],"ip":0,"op":180,"st":0,"ct":1,"bm":0},{"ddd":0,"ind":6,"ty":4,"nm":"Layer 2","sr":1,"ks":{"o":{"a":0,"k":100,"ix":11},"r":{"a":0,"k":0,"ix":10},"p":{"a":1,"k":[{"i":{"x":0.123,"y":1},"o":{"x":0.698,"y":0},"t":0,"s":[536.502,575.101,0],"to":[0.333,-5.833,0],"ti":[0,0,0]},{"i":{"x":0.123,"y":0.064},"o":{"x":0.195,"y":0},"t":25,"s":[538.502,540.101,0],"to":[0,0,0],"ti":[0,0,0]},{"i":{"x":0.302,"y":1},"o":{"x":0.877,"y":0},"t":89,"s":[538.502,540.101,0],"to":[0,0,0],"ti":[0.333,-5.833,0]},{"t":114,"s":[536.502,575.101,0]}],"ix":2,"l":2},"a":{"a":0,"k":[-1.498,0.101,0],"ix":1,"l":2},"s":{"a":0,"k":[100,100,100],"ix":6,"l":2}},"ao":0,"shapes":[{"ty":"gr","it":[{"ind":0,"ty":"sh","ix":1,"ks":{"a":0,"k":{"i":[[-1.087,-12.743],[3.735,-8.675],[-7.748,7.205],[-10.396,-1.97],[-16.797,-6.052],[-5.81,5.282],[1.948,7.607],[2.037,4.787],[-2.847,4.355],[-1.51,1.717],[4.165,11.594],[7.025,-1.948],[-0.78,-6.577],[5.796,-3.205],[3.656,3.866],[11.827,-5.984],[7.459,-4.016],[7.674,-5.54]],"o":[[0.803,9.411],[10.219,-2.741],[7.748,-7.205],[17.542,3.324],[7.387,2.662],[5.81,-5.282],[-1.291,-5.04],[-2.037,-4.787],[1.251,-1.914],[8.135,-9.252],[-2.465,-6.86],[-6.382,1.77],[0.78,6.577],[-4.656,2.575],[-6.46,-6.831],[-6.814,3.448],[-8.222,4.427],[-11.878,8.575]],"v":[[315.645,149.971],[311.155,177.661],[336.612,159.305],[364.737,147.369],[404.728,181.372],[426.719,177.006],[433.154,155.528],[426.788,141.309],[426.674,126.333],[431.29,121.275],[431.535,86.152],[416.897,72.864],[410.387,89.822],[405.745,107.879],[391.471,103.923],[367.246,88.479],[349.229,105.671],[323.296,116.734]],"c":true},"ix":2},"nm":"Path 1","mn":"ADBE Vector Shape - Group","hd":false},{"ty":"st","c":{"a":0,"k":[0.192156866193,0.168627455831,0.450980395079,1],"ix":3},"o":{"a":0,"k":100,"ix":4},"w":{"a":1,"k":[{"i":{"x":[0.123],"y":[1]},"o":{"x":[0.698],"y":[0]},"t":0,"s":[0]},{"i":{"x":[0.123],"y":[1]},"o":{"x":[0.158],"y":[0]},"t":25,"s":[8]},{"i":{"x":[0.302],"y":[1]},"o":{"x":[0.877],"y":[0]},"t":89,"s":[8]},{"t":114,"s":[0]}],"ix":5},"lc":1,"lj":1,"ml":10,"bm":0,"nm":"Stroke 1","mn":"ADBE Vector Graphic - Stroke","hd":false},{"ty":"tr","p":{"a":0,"k":[0,0],"ix":2},"a":{"a":0,"k":[0,0],"ix":1},"s":{"a":0,"k":[100,100],"ix":3},"r":{"a":0,"k":0,"ix":6},"o":{"a":0,"k":100,"ix":7},"sk":{"a":0,"k":0,"ix":4},"sa":{"a":0,"k":0,"ix":5},"nm":"Transform"}],"nm":"Group 1","np":2,"cix":2,"bm":0,"ix":1,"mn":"ADBE Vector Group","hd":false},{"ty":"gr","it":[{"ind":0,"ty":"sh","ix":1,"ks":{"a":0,"k":{"i":[[8.241,5.139],[9.375,-5.961],[6.543,-8.978],[5.69,-7.808],[0.314,-12.028],[-16.658,-3.125],[-14.43,-11.942],[0.844,-17.926],[-1.866,-11.835],[-15.278,-1.736],[-8.353,8.55],[-0.748,23.001],[-9.991,17.945],[-6.271,6.047],[-1.654,16.3],[-5.496,0.48],[-1.523,-0.66],[-18.394,-23.354],[-4.313,0.929],[-0.28,5.306],[-3.109,8.084],[-8.558,1.329],[-4.093,-9.639],[1.475,-10.368],[-2.88,-6.56],[-5.401,4.707],[3.473,7.147],[-7.538,2.516],[-6.306,4.258],[-0.033,3.651],[3.427,7.303],[-1.931,8.829],[-8.394,11.434],[-6.4,-8.241],[8.657,7.527],[5.021,9.773],[5.183,9.688],[-5.676,2.599],[-3.017,-0.77],[-5.195,-11.266],[-2.749,-6.53],[-5.152,4.864],[-0.446,2.058],[12.062,-2.055],[-12.036,-1.772],[-1.159,2.634],[23.028,2.997],[5.298,14.381],[-30.51,10.405],[10.497,3.422],[32.114,-11.732],[23.932,4.574],[-0.029,3.317],[28.331,2.315],[3.626,-0.902],[10.114,0.352],[6.084,5.104],[11.617,-2.41],[6.165,-14.447],[2.301,-6.881],[7.211,0.807],[0.576,4.437],[5.781,-4.016],[-3.175,-6.283],[-6.748,-2.003],[-7.01,-0.644],[-21.811,-11.421],[2.027,-5.801],[4.644,-0.734],[9.638,1.662]],"o":[[-9.427,-5.878],[-9.375,5.961],[-5.69,7.808],[-7.087,9.724],[-0.443,16.943],[18.409,3.454],[13.825,11.441],[-0.563,11.967],[2.394,15.189],[11.877,1.349],[16.082,-16.461],[0.667,-20.529],[4.238,-7.611],[11.794,-11.373],[0.557,-5.488],[1.654,-0.145],[27.275,11.824],[2.73,3.466],[5.194,-1.119],[0.457,-8.649],[3.109,-8.084],[10.348,-1.607],[4.093,9.639],[-1.009,7.093],[2.88,6.56],[5.991,-5.221],[-3.473,-7.147],[7.218,-2.409],[3.026,-2.043],[0.072,-8.067],[8.868,-1.743],[3.03,-13.857],[8.132,6.537],[-2.684,-11.153],[10.941,-1.007],[-5.021,-9.773],[-2.945,-5.505],[2.831,-1.297],[12.02,3.069],[2.967,6.434],[2.749,6.53],[1.531,-1.446],[2.593,-11.958],[7.091,-9.886],[1.159,-2.634],[-21.048,-9.811],[-15.197,-1.978],[28.992,-14.092],[4.527,-10.07],[-32.506,-10.599],[-22.886,8.361],[0.029,-3.317],[-28.426,0.098],[-3.724,-0.304],[-9.821,2.444],[-7.936,-0.276],[-9.089,-7.625],[-15.38,3.19],[-2.848,6.674],[-2.301,6.881],[-4.129,-1.723],[-0.906,-6.981],[-5.781,4.016],[3.175,6.283],[6.748,2.003],[24.517,2.253],[5.444,2.851],[-1.551,4.439],[-9.703,1.533],[-10.038,-1.731]],"v":[[13.049,-89.872],[-18.468,-87.719],[-41.154,-63.588],[-58.226,-40.165],[-73.006,-7.87],[-41.87,26.96],[12.672,34.972],[23.348,85.576],[25.308,121.403],[50.482,156.04],[80.877,139.599],[114.807,81.399],[112.937,20.933],[130.994,2.216],[152.038,-41.09],[159.482,-54.294],[164.281,-53.175],[222.944,12.392],[233.811,18.619],[240.723,5.57],[244.553,-20.012],[262.845,-36.756],[287.324,-20.906],[289.332,10.049],[289.876,31.235],[307.301,37.341],[306.037,15.33],[308.845,-5.428],[330.793,-3.201],[334.53,-13.029],[329.411,-36.477],[350.806,-50.393],[340.511,-89.403],[362.409,-67.135],[344.834,-96.085],[353.862,-122.485],[334.114,-148.769],[336.347,-165.285],[345.496,-165.062],[376.233,-146.46],[381.511,-125.93],[398.272,-119.185],[401.086,-124.733],[379.561,-147.244],[411.508,-160.796],[414.985,-168.698],[348.349,-188.061],[309.216,-207.159],[403.769,-201.601],[385.675,-224.539],[285.041,-221.298],[215.071,-204.172],[215.157,-214.124],[135.116,-188.024],[123.97,-188.265],[99.171,-172.108],[80.918,-186.408],[46.817,-190.478],[8.371,-166.614],[3.142,-145.521],[-12.333,-132.691],[-15.075,-144.986],[-31.544,-151.219],[-35.286,-132.228],[-18.861,-119.904],[2.015,-116.992],[72.406,-96.215],[81.986,-82.368],[70.369,-75.701],[36.089,-71.641]],"c":true},"ix":2},"nm":"Path 1","mn":"ADBE Vector Shape - Group","hd":false},{"ty":"st","c":{"a":0,"k":[0.192156866193,0.168627455831,0.450980395079,1],"ix":3},"o":{"a":0,"k":100,"ix":4},"w":{"a":1,"k":[{"i":{"x":[0.123],"y":[1]},"o":{"x":[0.698],"y":[0]},"t":0,"s":[0]},{"i":{"x":[0.123],"y":[1]},"o":{"x":[0.158],"y":[0]},"t":25,"s":[8]},{"i":{"x":[0.302],"y":[1]},"o":{"x":[0.877],"y":[0]},"t":89,"s":[8]},{"t":114,"s":[0]}],"ix":5},"lc":1,"lj":1,"ml":10,"bm":0,"nm":"Stroke 1","mn":"ADBE Vector Graphic - Stroke","hd":false},{"ty":"tr","p":{"a":0,"k":[0,0],"ix":2},"a":{"a":0,"k":[0,0],"ix":1},"s":{"a":0,"k":[100,100],"ix":3},"r":{"a":0,"k":0,"ix":6},"o":{"a":0,"k":100,"ix":7},"sk":{"a":0,"k":0,"ix":4},"sa":{"a":0,"k":0,"ix":5},"nm":"Transform"}],"nm":"Group 2","np":2,"cix":2,"bm":0,"ix":2,"mn":"ADBE Vector Group","hd":false},{"ty":"gr","it":[{"ind":0,"ty":"sh","ix":1,"ks":{"a":0,"k":{"i":[[0,0],[-21.41,8.013],[-4.988,-9.685],[2.456,-7.165],[-28.499,-26.739],[-7.968,-0.351],[-4.174,-2.873],[-8.291,-3.121],[-2.56,-1.411],[-0.666,-2.795],[-10.331,-18.345],[-5.017,-8.675],[-1.685,-7.439],[-35.727,-26.019],[-22,21.275],[-6.975,6.55],[0.377,9.561],[-6.516,8.695],[-2.375,5.536],[6.62,2.397],[6.834,1.696],[10.36,11.108],[14.561,-4.326],[9.166,5.453],[1.215,7.551],[7.31,-2.249],[4.403,1.173],[-4.567,7.755],[4.091,-5.252],[4.393,5.002],[0.262,1.72],[-11.75,3.588],[-5.249,-11.108],[0.259,6.345],[-6.349,0.126],[-2.443,-2.72],[-16.868,10.911],[-4.962,1.265],[-5.754,-9.373],[-9.599,5.367],[-13.246,6.982],[-4.975,3.656],[3.532,5.093],[5.966,1.681],[7.398,-4.746],[-6.231,-6.199],[7.462,1.971],[7.304,2.494],[13.803,-1.547],[-6.658,4.516],[-7.892,1.565],[-3.65,1.63],[-2.387,6.928],[6.117,4.036],[2.232,3.915],[-1.871,7.212],[-0.112,6.158],[-12.967,-7.197],[-2.417,-15.995],[-3.308,-2.945],[-4.37,5.727],[-1.601,7.024],[-6.121,3.798],[-5.893,0.711],[3.335,16.321],[2.031,1.078],[2.639,-1.203],[21.689,5.489],[8.048,2.687],[15.486,-5.565],[14.923,-6.935],[20.186,-3.822],[10.137,2.404],[7.667,1.517],[14.829,-13.057],[18.305,-7.437]],"o":[[22.85,0.678],[10.202,-3.818],[3.468,6.734],[-12.67,36.968],[5.817,5.457],[5.062,0.223],[7.297,5.024],[2.736,1.03],[2.517,1.387],[4.878,20.482],[4.917,8.732],[3.819,6.603],[9.764,43.105],[-18.213,-24.594],[6.878,-6.651],[6.975,-6.55],[-0.428,-10.857],[3.613,-4.821],[2.776,-6.471],[-6.62,-2.397],[-14.742,-3.658],[-10.36,-11.108],[-10.224,3.037],[-6.572,-3.91],[-1.215,-7.551],[-2.516,3.799],[6.262,-6.465],[-3.689,-5.541],[-4.091,5.252],[-1.148,-1.307],[-1.852,-12.145],[11.75,-3.588],[6.312,-0.69],[-0.259,-6.345],[3.655,-0.072],[13.426,14.944],[4.3,-2.781],[10.657,-2.717],[5.754,9.373],[13.069,-7.308],[5.462,-2.879],[4.995,-3.67],[-3.532,-5.093],[-8.46,-2.383],[-7.398,4.746],[-4.59,6.204],[-7.462,-1.971],[-13.144,-4.489],[-5.675,-5.703],[6.658,-4.516],[3.922,-0.777],[6.691,-2.988],[2.387,-6.928],[-3.762,-2.482],[-3.689,-6.473],[1.546,-5.961],[0.269,-14.828],[2.417,15.995],[0.662,4.379],[5.38,4.79],[4.37,-5.727],[1.601,-7.024],[5.044,-3.13],[16.538,-1.995],[-0.46,-2.253],[-2.562,-1.359],[-20.356,9.282],[-8.225,-2.082],[-15.609,-5.211],[-15.486,5.565],[-18.632,8.658],[-10.236,1.938],[-7.605,-1.803],[-19.382,-3.835],[-14.829,13.057],[0,0]],"v":[[-439.111,-137.314],[-376.065,-160.892],[-346.694,-156.038],[-348.908,-134.1],[-322.163,-26.462],[-301.38,-15.677],[-286.526,-14.133],[-274.216,8.333],[-265.678,10.075],[-261.394,17.258],[-253.634,79.345],[-235.304,103.101],[-228.141,124.736],[-168.109,239.628],[-161.191,155.826],[-139.042,137.592],[-126.636,112.69],[-128.516,81.183],[-115.379,69.073],[-125.099,52.938],[-145.88,49.409],[-180.951,21.45],[-220.571,4.267],[-250.33,11.763],[-258.504,-8.789],[-272.794,-23.015],[-284.765,-18.472],[-268.445,-39.903],[-284.731,-35.092],[-301.021,-29.127],[-302.904,-33.917],[-284.899,-62.538],[-253.976,-48.859],[-246.614,-64.404],[-238.683,-79.437],[-229.75,-73.715],[-176.812,-57.876],[-163.927,-66.05],[-139.067,-48.103],[-112.965,-33.9],[-96.187,-73.429],[-78.452,-78.084],[-76.921,-94.81],[-92.474,-104.299],[-117.99,-102.554],[-122.316,-79.986],[-143.469,-74.762],[-164.886,-83.493],[-206.171,-84.941],[-201.658,-105.576],[-178.661,-112.248],[-167.205,-115.711],[-152.122,-130.852],[-157.861,-150.449],[-169.019,-157.724],[-163.322,-178.421],[-164.168,-196.774],[-132.083,-215.273],[-124.833,-167.287],[-120.008,-155.211],[-101.166,-159.075],[-94.101,-179.302],[-83.704,-197.583],[-66.478,-201.391],[-35.432,-233.128],[-38.931,-238.809],[-47.257,-237.827],[-110.701,-220.909],[-134.317,-230.33],[-182.676,-227.433],[-227.356,-206.502],[-285.883,-187.687],[-316.89,-186.871],[-339.201,-194.009],[-392.504,-173.38],[-439.111,-137.314]],"c":false},"ix":2},"nm":"Path 1","mn":"ADBE Vector Shape - Group","hd":false},{"ty":"st","c":{"a":0,"k":[0.192156866193,0.168627455831,0.450980395079,1],"ix":3},"o":{"a":0,"k":100,"ix":4},"w":{"a":1,"k":[{"i":{"x":[0.123],"y":[1]},"o":{"x":[0.698],"y":[0]},"t":0,"s":[0]},{"i":{"x":[0.123],"y":[1]},"o":{"x":[0.158],"y":[0]},"t":25,"s":[8]},{"i":{"x":[0.302],"y":[1]},"o":{"x":[0.877],"y":[0]},"t":89,"s":[8]},{"t":114,"s":[0]}],"ix":5},"lc":1,"lj":1,"ml":10,"bm":0,"nm":"Stroke 1","mn":"ADBE Vector Graphic - Stroke","hd":false},{"ty":"tr","p":{"a":0,"k":[0,0],"ix":2},"a":{"a":0,"k":[0,0],"ix":1},"s":{"a":0,"k":[100,100],"ix":3},"r":{"a":0,"k":0,"ix":6},"o":{"a":0,"k":100,"ix":7},"sk":{"a":0,"k":0,"ix":4},"sa":{"a":0,"k":0,"ix":5},"nm":"Transform"}],"nm":"Group 3","np":2,"cix":2,"bm":0,"ix":3,"mn":"ADBE Vector Group","hd":false},{"ty":"gr","it":[{"ind":0,"ty":"sh","ix":1,"ks":{"a":0,"k":{"i":[[6.043,-22.181],[-0.455,-2.971],[4.164,-7.843],[1.229,-2.787],[-1.924,-2.362],[-3.022,3.299],[-1.44,4.236],[-4.196,1.553],[-1.801,0.679],[0.704,5.068]],"o":[[-0.79,2.9],[1.343,8.778],[-1.428,2.69],[-1.229,2.787],[2.825,3.469],[3.022,-3.299],[1.44,-4.236],[1.805,-0.668],[4.783,-1.804],[-1.552,-11.156]],"v":[[125.518,96.362],[125.63,105.31],[124.062,131.42],[119.39,139.262],[119.795,147.932],[131.572,146.925],[137.069,134.803],[145.04,124.574],[150.635,123.169],[156.929,110.444]],"c":true},"ix":2},"nm":"Path 1","mn":"ADBE Vector Shape - Group","hd":false},{"ty":"st","c":{"a":0,"k":[0.192156866193,0.168627455831,0.450980395079,1],"ix":3},"o":{"a":0,"k":100,"ix":4},"w":{"a":1,"k":[{"i":{"x":[0.123],"y":[1]},"o":{"x":[0.698],"y":[0]},"t":0,"s":[0]},{"i":{"x":[0.123],"y":[1]},"o":{"x":[0.158],"y":[0]},"t":25,"s":[8]},{"i":{"x":[0.302],"y":[1]},"o":{"x":[0.877],"y":[0]},"t":89,"s":[8]},{"t":114,"s":[0]}],"ix":5},"lc":1,"lj":1,"ml":10,"bm":0,"nm":"Stroke 1","mn":"ADBE Vector Graphic - Stroke","hd":false},{"ty":"tr","p":{"a":0,"k":[0,0],"ix":2},"a":{"a":0,"k":[0,0],"ix":1},"s":{"a":0,"k":[100,100],"ix":3},"r":{"a":0,"k":0,"ix":6},"o":{"a":0,"k":100,"ix":7},"sk":{"a":0,"k":0,"ix":4},"sa":{"a":0,"k":0,"ix":5},"nm":"Transform"}],"nm":"Group 4","np":2,"cix":2,"bm":0,"ix":4,"mn":"ADBE Vector Group","hd":false}],"ip":0,"op":180,"st":0,"ct":1,"bm":0},{"ddd":0,"ind":7,"ty":4,"nm":"Layer 1","sr":1,"ks":{"o":{"a":0,"k":100,"ix":11},"r":{"a":0,"k":0,"ix":10},"p":{"a":0,"k":[535.612,570.408,0],"ix":2,"l":2},"a":{"a":0,"k":[-4.388,30.408,0],"ix":1,"l":2},"s":{"a":0,"k":[100,100,100],"ix":6,"l":2}},"ao":0,"shapes":[{"ty":"gr","it":[{"ind":0,"ty":"sh","ix":1,"ks":{"a":0,"k":{"i":[[-1.087,-12.743],[3.735,-8.675],[-7.748,7.205],[-10.396,-1.97],[-16.797,-6.052],[-5.81,5.282],[1.948,7.607],[2.037,4.787],[-2.847,4.355],[-1.51,1.717],[4.165,11.594],[7.025,-1.948],[-0.78,-6.577],[5.796,-3.205],[3.656,3.866],[11.827,-5.984],[7.459,-4.016],[7.674,-5.54]],"o":[[0.803,9.411],[10.219,-2.741],[7.748,-7.205],[17.542,3.324],[7.387,2.662],[5.81,-5.282],[-1.291,-5.04],[-2.037,-4.787],[1.251,-1.914],[8.135,-9.252],[-2.465,-6.86],[-6.382,1.77],[0.78,6.577],[-4.656,2.575],[-6.46,-6.831],[-6.814,3.448],[-8.222,4.427],[-11.878,8.575]],"v":[[312.755,180.279],[308.266,207.968],[333.723,189.612],[361.848,177.677],[401.838,211.679],[423.83,207.313],[430.265,185.836],[423.899,171.616],[423.785,156.64],[428.401,151.583],[428.646,116.459],[414.008,103.171],[407.498,120.129],[402.856,138.187],[388.582,134.23],[364.357,118.787],[346.339,135.978],[320.406,147.041]],"c":true},"ix":2},"nm":"Path 1","mn":"ADBE Vector Shape - Group","hd":false},{"ty":"fl","c":{"a":0,"k":[0.996078431606,0.658823549747,0.32549020648,1],"ix":4},"o":{"a":0,"k":100,"ix":5},"r":1,"bm":0,"nm":"Fill 1","mn":"ADBE Vector Graphic - Fill","hd":false},{"ty":"tr","p":{"a":0,"k":[0,0],"ix":2},"a":{"a":0,"k":[0,0],"ix":1},"s":{"a":0,"k":[100,100],"ix":3},"r":{"a":0,"k":0,"ix":6},"o":{"a":0,"k":100,"ix":7},"sk":{"a":0,"k":0,"ix":4},"sa":{"a":0,"k":0,"ix":5},"nm":"Transform"}],"nm":"Group 1","np":2,"cix":2,"bm":0,"ix":1,"mn":"ADBE Vector Group","hd":false},{"ty":"gr","it":[{"ind":0,"ty":"sh","ix":1,"ks":{"a":0,"k":{"i":[[8.241,5.139],[9.375,-5.961],[6.543,-8.978],[5.69,-7.808],[0.314,-12.028],[-16.658,-3.125],[-14.43,-11.942],[0.844,-17.926],[-1.866,-11.835],[-15.278,-1.736],[-8.353,8.55],[-0.748,23.001],[-9.991,17.945],[-6.271,6.047],[-1.654,16.3],[-5.496,0.48],[-1.523,-0.66],[-18.394,-23.354],[-4.313,0.929],[-0.28,5.306],[-3.109,8.084],[-8.558,1.329],[-4.093,-9.639],[1.475,-10.368],[-2.88,-6.56],[-5.401,4.707],[3.473,7.147],[-7.538,2.516],[-6.306,4.258],[-0.033,3.651],[3.427,7.303],[-1.931,8.829],[-8.394,11.434],[-6.4,-8.241],[8.657,7.527],[5.021,9.773],[5.183,9.688],[-5.676,2.599],[-3.017,-0.77],[-5.195,-11.266],[-2.749,-6.53],[-5.152,4.864],[-0.446,2.058],[12.062,-2.055],[-12.036,-1.772],[-1.159,2.634],[23.028,2.997],[5.298,14.381],[-30.51,10.405],[10.497,3.422],[32.114,-11.732],[23.932,4.574],[-0.029,3.317],[28.331,2.315],[3.626,-0.902],[10.114,0.352],[6.084,5.104],[11.617,-2.41],[6.165,-14.447],[2.301,-6.881],[7.211,0.807],[0.576,4.437],[5.781,-4.016],[-3.175,-6.283],[-6.748,-2.003],[-7.01,-0.644],[-21.811,-11.421],[2.027,-5.801],[4.644,-0.734],[9.638,1.662]],"o":[[-9.427,-5.878],[-9.375,5.961],[-5.69,7.808],[-7.087,9.724],[-0.443,16.943],[18.409,3.454],[13.825,11.441],[-0.563,11.967],[2.394,15.189],[11.877,1.349],[16.082,-16.461],[0.667,-20.529],[4.238,-7.611],[11.794,-11.373],[0.557,-5.488],[1.654,-0.145],[27.275,11.824],[2.73,3.466],[5.194,-1.119],[0.457,-8.649],[3.109,-8.084],[10.348,-1.607],[4.093,9.639],[-1.009,7.093],[2.88,6.56],[5.991,-5.221],[-3.473,-7.147],[7.218,-2.409],[3.026,-2.043],[0.072,-8.067],[8.868,-1.743],[3.03,-13.857],[8.132,6.537],[-2.684,-11.153],[10.941,-1.007],[-5.021,-9.773],[-2.945,-5.505],[2.831,-1.297],[12.02,3.069],[2.967,6.434],[2.749,6.53],[1.531,-1.446],[2.593,-11.958],[7.091,-9.886],[1.159,-2.634],[-21.048,-9.811],[-15.197,-1.978],[28.992,-14.092],[4.527,-10.07],[-32.506,-10.599],[-22.886,8.361],[0.029,-3.317],[-28.426,0.098],[-3.724,-0.304],[-9.821,2.444],[-7.936,-0.276],[-9.089,-7.625],[-15.38,3.19],[-2.848,6.674],[-2.301,6.881],[-4.129,-1.723],[-0.906,-6.981],[-5.781,4.016],[3.175,6.283],[6.748,2.003],[24.517,2.253],[5.444,2.851],[-1.551,4.439],[-9.703,1.533],[-10.038,-1.731]],"v":[[13.049,-52.151],[-18.468,-49.999],[-41.154,-25.867],[-58.226,-2.444],[-73.006,29.85],[-41.87,64.68],[12.672,72.693],[23.348,123.297],[25.308,159.124],[50.482,193.76],[80.877,177.319],[114.807,119.12],[112.937,58.653],[130.994,39.937],[152.038,-3.369],[159.482,-16.573],[164.281,-15.455],[222.944,50.113],[233.811,56.34],[240.723,43.29],[244.553,17.709],[262.845,0.965],[287.324,16.815],[289.332,47.77],[289.876,68.955],[307.301,75.062],[306.037,53.051],[308.845,32.293],[330.793,34.519],[334.53,24.691],[329.411,1.244],[350.806,-12.672],[340.511,-51.682],[362.409,-29.415],[344.834,-58.364],[353.862,-84.764],[334.114,-111.049],[336.347,-127.565],[345.496,-127.341],[376.233,-108.74],[381.511,-88.21],[398.272,-81.465],[401.086,-87.013],[379.561,-109.523],[411.508,-123.076],[414.985,-130.977],[348.349,-150.341],[309.216,-169.438],[403.769,-163.88],[385.675,-186.818],[285.041,-183.577],[215.071,-166.451],[215.157,-176.404],[135.116,-150.303],[123.97,-150.544],[99.171,-134.387],[80.918,-148.687],[46.817,-152.757],[8.371,-128.893],[3.142,-107.801],[-12.333,-94.971],[-15.075,-107.265],[-31.544,-113.498],[-35.286,-94.508],[-18.861,-82.184],[2.015,-79.271],[72.406,-58.494],[81.986,-44.648],[70.369,-37.98],[36.089,-33.92]],"c":true},"ix":2},"nm":"Path 1","mn":"ADBE Vector Shape - Group","hd":false},{"ty":"fl","c":{"a":0,"k":[0.996078431606,0.658823549747,0.32549020648,1],"ix":4},"o":{"a":0,"k":100,"ix":5},"r":1,"bm":0,"nm":"Fill 1","mn":"ADBE Vector Graphic - Fill","hd":false},{"ty":"tr","p":{"a":0,"k":[0,0],"ix":2},"a":{"a":0,"k":[0,0],"ix":1},"s":{"a":0,"k":[100,100],"ix":3},"r":{"a":0,"k":0,"ix":6},"o":{"a":0,"k":100,"ix":7},"sk":{"a":0,"k":0,"ix":4},"sa":{"a":0,"k":0,"ix":5},"nm":"Transform"}],"nm":"Group 2","np":2,"cix":2,"bm":0,"ix":2,"mn":"ADBE Vector Group","hd":false},{"ty":"gr","it":[{"ind":0,"ty":"sh","ix":1,"ks":{"a":0,"k":{"i":[[0,0],[-21.41,8.013],[-4.988,-9.685],[2.456,-7.165],[-28.499,-26.739],[-7.968,-0.351],[-4.174,-2.873],[-8.291,-3.121],[-2.56,-1.411],[-0.666,-2.795],[-10.331,-18.345],[-5.017,-8.675],[-1.685,-7.439],[-35.727,-26.019],[-22,21.275],[-6.975,6.55],[0.377,9.561],[-6.516,8.695],[-2.375,5.536],[6.62,2.397],[6.834,1.696],[10.36,11.108],[14.561,-4.326],[9.166,5.453],[1.215,7.551],[7.31,-2.249],[4.403,1.173],[-4.567,7.755],[4.091,-5.252],[4.393,5.002],[0.262,1.72],[-11.75,3.588],[-5.249,-11.108],[0.259,6.345],[-6.349,0.126],[-2.443,-2.72],[-16.868,10.911],[-4.962,1.265],[-5.754,-9.373],[-9.599,5.367],[-13.246,6.982],[-4.975,3.656],[3.532,5.093],[5.966,1.681],[7.398,-4.746],[-6.231,-6.199],[7.462,1.971],[7.304,2.494],[13.803,-1.547],[-6.658,4.516],[-7.892,1.565],[-3.65,1.63],[-2.387,6.928],[6.117,4.036],[2.232,3.915],[-1.871,7.212],[-0.112,6.158],[-12.967,-7.197],[-2.417,-15.995],[-3.308,-2.945],[-4.37,5.727],[-1.601,7.024],[-6.121,3.798],[-5.893,0.711],[3.335,16.321],[2.031,1.078],[2.639,-1.203],[21.689,5.489],[8.048,2.687],[15.486,-5.565],[14.923,-6.935],[20.186,-3.822],[10.137,2.404],[7.667,1.517],[14.829,-13.057],[18.305,-7.437]],"o":[[22.85,0.678],[10.202,-3.818],[3.468,6.734],[-12.67,36.968],[5.817,5.457],[5.062,0.223],[7.297,5.024],[2.736,1.03],[2.517,1.387],[4.878,20.482],[4.917,8.732],[3.819,6.603],[9.764,43.105],[-18.213,-24.594],[6.878,-6.651],[6.975,-6.55],[-0.428,-10.857],[3.613,-4.821],[2.776,-6.471],[-6.62,-2.397],[-14.742,-3.658],[-10.36,-11.108],[-10.224,3.037],[-6.572,-3.91],[-1.215,-7.551],[-2.516,3.799],[6.262,-6.465],[-3.689,-5.541],[-4.091,5.252],[-1.148,-1.307],[-1.852,-12.145],[11.75,-3.588],[6.312,-0.69],[-0.259,-6.345],[3.655,-0.072],[13.426,14.944],[4.3,-2.781],[10.657,-2.717],[5.754,9.373],[13.069,-7.308],[5.462,-2.879],[4.995,-3.67],[-3.532,-5.093],[-8.46,-2.383],[-7.398,4.746],[-4.59,6.204],[-7.462,-1.971],[-13.144,-4.489],[-5.675,-5.703],[6.658,-4.516],[3.922,-0.777],[6.691,-2.988],[2.387,-6.928],[-3.762,-2.482],[-3.689,-6.473],[1.546,-5.961],[0.269,-14.828],[2.417,15.995],[0.662,4.379],[5.38,4.79],[4.37,-5.727],[1.601,-7.024],[5.044,-3.13],[16.538,-1.995],[-0.46,-2.253],[-2.562,-1.359],[-20.356,9.282],[-8.225,-2.082],[-15.609,-5.211],[-15.486,5.565],[-18.632,8.658],[-10.236,1.938],[-7.605,-1.803],[-19.382,-3.835],[-14.829,13.057],[0,0]],"v":[[-442,-107.007],[-378.954,-130.585],[-349.583,-125.731],[-351.797,-103.792],[-325.052,3.845],[-304.269,14.63],[-289.415,16.175],[-277.106,38.64],[-268.567,40.382],[-264.283,47.565],[-256.523,109.653],[-238.194,133.408],[-231.031,155.044],[-170.998,269.935],[-164.081,186.133],[-141.931,167.899],[-129.525,142.997],[-131.405,111.49],[-118.268,99.38],[-127.988,83.245],[-148.769,79.717],[-183.84,51.758],[-223.461,34.574],[-253.219,42.07],[-261.394,21.518],[-275.684,7.292],[-287.654,11.835],[-271.334,-9.595],[-287.62,-4.784],[-303.911,1.18],[-305.793,-3.61],[-287.788,-32.231],[-256.865,-18.552],[-249.504,-34.097],[-241.572,-49.13],[-232.639,-43.408],[-179.701,-27.568],[-166.816,-35.742],[-141.957,-17.796],[-115.854,-3.593],[-99.077,-43.122],[-81.341,-47.777],[-79.81,-64.502],[-95.363,-73.991],[-120.879,-72.246],[-125.205,-49.678],[-146.358,-44.455],[-167.775,-53.186],[-209.06,-54.634],[-204.547,-75.268],[-181.55,-81.941],[-170.094,-85.404],[-155.011,-100.544],[-160.75,-120.141],[-171.908,-127.417],[-166.211,-148.114],[-167.057,-166.466],[-134.972,-184.966],[-127.722,-136.979],[-122.897,-124.904],[-104.056,-128.768],[-96.99,-148.995],[-86.593,-167.276],[-69.367,-171.083],[-38.322,-202.82],[-41.82,-208.502],[-50.146,-207.52],[-113.59,-190.601],[-137.206,-200.023],[-185.565,-197.126],[-230.245,-176.195],[-288.772,-157.379],[-319.78,-156.563],[-342.09,-163.701],[-395.394,-143.072],[-442,-107.007]],"c":false},"ix":2},"nm":"Path 1","mn":"ADBE Vector Shape - Group","hd":false},{"ty":"fl","c":{"a":0,"k":[0.996078431606,0.658823549747,0.32549020648,1],"ix":4},"o":{"a":0,"k":100,"ix":5},"r":1,"bm":0,"nm":"Fill 1","mn":"ADBE Vector Graphic - Fill","hd":false},{"ty":"tr","p":{"a":0,"k":[0,0],"ix":2},"a":{"a":0,"k":[0,0],"ix":1},"s":{"a":0,"k":[100,100],"ix":3},"r":{"a":0,"k":0,"ix":6},"o":{"a":0,"k":100,"ix":7},"sk":{"a":0,"k":0,"ix":4},"sa":{"a":0,"k":0,"ix":5},"nm":"Transform"}],"nm":"Group 3","np":2,"cix":2,"bm":0,"ix":3,"mn":"ADBE Vector Group","hd":false},{"ty":"gr","it":[{"ind":0,"ty":"sh","ix":1,"ks":{"a":0,"k":{"i":[[6.043,-22.181],[-0.455,-2.971],[4.164,-7.843],[1.229,-2.787],[-1.924,-2.362],[-3.022,3.299],[-1.44,4.236],[-4.196,1.553],[-1.801,0.679],[0.704,5.068]],"o":[[-0.79,2.9],[1.343,8.778],[-1.428,2.69],[-1.229,2.787],[2.825,3.469],[3.022,-3.299],[1.44,-4.236],[1.805,-0.668],[4.783,-1.804],[-1.552,-11.156]],"v":[[130.761,105.186],[130.873,114.133],[129.305,140.243],[124.632,148.086],[125.038,156.755],[136.815,155.748],[142.311,143.627],[150.283,133.398],[155.877,131.993],[162.172,119.268]],"c":true},"ix":2},"nm":"Path 1","mn":"ADBE Vector Shape - Group","hd":false},{"ty":"fl","c":{"a":0,"k":[0.996078431606,0.658823549747,0.32549020648,1],"ix":4},"o":{"a":0,"k":100,"ix":5},"r":1,"bm":0,"nm":"Fill 1","mn":"ADBE Vector Graphic - Fill","hd":false},{"ty":"tr","p":{"a":0,"k":[0,0],"ix":2},"a":{"a":0,"k":[0,0],"ix":1},"s":{"a":0,"k":[100,100],"ix":3},"r":{"a":0,"k":0,"ix":6},"o":{"a":0,"k":100,"ix":7},"sk":{"a":0,"k":0,"ix":4},"sa":{"a":0,"k":0,"ix":5},"nm":"Transform"}],"nm":"Group 4","np":2,"cix":2,"bm":0,"ix":4,"mn":"ADBE Vector Group","hd":false}],"ip":0,"op":180,"st":0,"ct":1,"bm":0}],"markers":[]}