{
  "project_info": {
    "project_number": "199792707722",
    "project_id": "images-64a7b",
    "storage_bucket": "images-64a7b.appspot.com"
  },
  "client": [
    {
      "client_info": {
        "mobilesdk_app_id": "1:199792707722:android:45538b39a6d03c60088573",
        "android_client_info": {
          "package_name": "com.example.location_data"
        }
      },
      "oauth_client": [
        {
          "client_id": "199792707722-f7046i0dlar5phh0l8pfafmbv3cvq11f.apps.googleusercontent.com",
          "client_type": 3
        }
      ],
      "api_key": [
        {
          "current_key": "AIzaSyBZ7mH-9a33tbLDTjx_zlmXhC5aJPSyiEg"
        }
      ],
      "services": {
        "appinvite_service": {
          "other_platform_oauth_client": [
            {
              "client_id": "199792707722-f7046i0dlar5phh0l8pfafmbv3cvq11f.apps.googleusercontent.com",
              "client_type": 3
            }
          ]
        }
      }
    }
  ],
  "configuration_version": "1"
}